{
    "pedidostotal": 7,
    "gastostotal": 56.01,
    "02/04/2023": {
        "pedidos": 2,
        "recebimentos": 30
    },
    "863918762134470706": {
        "gastosaprovados": 15,
        "pedidosaprovados": 1
    },
    "1020074723402580068": {
        "gastosaprovados": 15,
        "pedidosaprovados": 1
    },
    "16/04/2023": {
        "pedidos": 2,
        "recebimentos": 15
    },
    "1055642116254081106": {
        "gastosaprovados": 15,
        "pedidosaprovados": 2
    },
    "17/04/2023": {
        "pedidos": 2,
        "recebimentos": 11
    },
    "661555920211542037": {
        "gastosaprovados": 11.01,
        "pedidosaprovados": 3
    },
    "18/04/2023": {
        "pedidos": 1,
        "recebimentos": 0.01
    }
}