{
    "580062449045090": {
        "id": "580062449045090",
        "status": "Concluido",
        "userid": "863918762134470706",
        "dataid": "domingo, 2 de abril de 2023 às 16:14",
        "nomeid": "Source Ticket",
        "qtdid": "1",
        "precoid": "15.00",
        "entrid": "Abre ticket"
    },
    "548423521574253": {
        "id": "548423521574253",
        "status": "Concluido",
        "userid": "1020074723402580068",
        "dataid": "domingo, 2 de abril de 2023 às 21:18",
        "nomeid": "Source Formulario",
        "qtdid": "1",
        "precoid": "15.00",
        "entrid": "Abre ticket"
    },
    "490105445774679": {
        "id": "490105445774679",
        "status": "Concluido",
        "userid": "1055642116254081106",
        "dataid": "domingo, 16 de abril de 2023 às 01:23",
        "nomeid": "Vendas Automaticas",
        "qtdid": "1",
        "precoid": "10.00",
        "entrid": "Abre ticket"
    },
    "683412703999763": {
        "id": "683412703999763",
        "status": "Concluido",
        "userid": "1055642116254081106",
        "dataid": "domingo, 16 de abril de 2023 às 01:24",
        "nomeid": "5.00",
        "qtdid": "1",
        "precoid": "5.00",
        "entrid": "1"
    },
    "438896650795421": {
        "id": "438896650795421",
        "status": "Reembolsado",
        "userid": "661555920211542037",
        "dataid": "segunda-feira, 17 de abril de 2023 às 14:18",
        "nomeid": "Sem nome ainda...",
        "qtdid": "1",
        "precoid": "1",
        "entrid": "S"
    },
    "165727317074128": {
        "id": "165727317074128",
        "status": "Concluido",
        "userid": "661555920211542037",
        "dataid": "terça-feira, 18 de abril de 2023 às 11:36",
        "nomeid": "teste video",
        "qtdid": "1",
        "precoid": "0.01",
        "entrid": "S"
    },
    "199196352931090": {
        "id": "199196352931090",
        "status": "Pendente (1)",
        "userid": "946782643347935312",
        "dataid": "terça-feira, 16 de maio de 2023 às 09:50",
        "nomeid": "teste",
        "qtdid": "1",
        "precoid": "1",
        "entrid": "Andamento"
    },
    "640350429825304": {
        "id": "640350429825304",
        "status": "Pendente (1)",
        "userid": "946782643347935312",
        "dataid": "terça-feira, 16 de maio de 2023 às 09:50",
        "nomeid": "teste",
        "qtdid": "1",
        "precoid": "1",
        "entrid": "Andamento"
    }
}